,target
943,amc spotted in san francisco
1771,big time retard move planned way ahead amzn put strategy
1327,wish life savings yolo  here we come baby
804,why i think maps is more than just a weed tech company with an app
246,aso ape here some fast fact dd for you all
668,mx dd a buyout value play analysis
1761,why weed tlry dd
1038,pltr yolo calls update 
1726,note to self remember to sell itm calls before expiration
658,arvl part  the second transaction to reset the clock continues
1005,crsr gains from monday now buying clne
143,guys guys i just bought a ticket to the moon i am going there soon who would like to join wkhs
60,clf yolo
1153, wish yolo stop moon next stop lambo 
1003,clf looking bullish no triangles lines and circles only i promise
1430,bb earnings are out conference call following who is holding bb
556,all in down wish lotto june calls
539,wish technical moon analysis part  week to lift off
1048,wish roku
316,uwmc or rkt who will hold the light
1009, on pltr first post here double soon
636,wkhs lets goooo
330,holding bb  possible rise monday whos with me 
317,wish is retesting support the first resistance at then and 
1172,spce virgin galactic to the moon a litteral space stock
1323,prpl yolo update added more on the last dip committed to prpl now between shares leaps calls and csps not a bad day for the purple gang today but this is just the beginning
1186, lc guide to dropping bags and making money
1751,wkhs yolo gonna ride this horsey all the way to the tendie town
1332, spce
1000,the mods hate this stock they get rid of all the dd about it
679,uwmc undervalued      
1425,your wish comes true
447,ive still got faith in clne
1163,crsr a true potential multibagger
306,some good info guys ocgn
353, dkng yolo
401,are gme yolos cool again
1044,wish fundamentals and highlights
1600,squeeze potential torch has greater potential than wish
1606,the secret weapon many clov investors are missing
419,dk calls bs buy the dip
1294,yolo wish good luck to me
1442,tlry
1419,worst win ration in weeks wins losses break even on the day
383,wkhs yolo wish me luck apes
100,aso running
1135,wish is pretty much a sure thing 
179,psfe paysafe no idea what im doing
350,wish announces partnership with leading ecommerce platform prestashop
1089,gme yolo update i cant go out tonight im broke
336,wish gain porn after loss porn 
521,fti my big pud play for may has come back for more
231,when will you realize the rr on sava
763,not selling a single share lfg to the moon 
366,crsr ive got shares lined up waiting to be turned into a yolo yacht
1422,yolo clne wish me luck
374,well wlyyf well health looks ready to rocket 
1598,risk vs reward wkhs all in highly shorted go get the suits
1459,bbby 
1375,holding strong apes i wish yoall held to 
1483,finally got some tendies from tsla after so many losses
459,nokia amp ooredoo oman to deploy fixed wireless access
1238,im down but i still believe in uxin the carvana of china
815, puts on amazon due to jeff stepping down on fuck dd its time to gamble 
1672, yolo in psfe lets get paid 
1249,move bitch brrrrberry coming through bb 
644,yolo in amc 
628,todays gains were in tqqq purchased calls during that gruesome dip after the fed speech sold on eod pop gains
1570,wish contextlogic inc technical analysis
523,itub dd itub to the moon or toaster in the tub extremely unusual amount of call options
681,wish yolo gimme my student loan money
1180,wish yolo
1200,clov warning of extreme short s potential in recent sec filing
1802,should i sell these roku gains for sofi 
1201,crsr gaming isnt playing games real value in a meme stock
1558,yolo clov
185,repo and reverse repo operations federal reserve bank of new york june  billion
334,bgs green giant dildos and cream of wsb
1477,did my first bit of simple dd on paysafe 
1809,viac just starting the journey to pluto 
1705,gme and goev charts look eerily similar the past months
211,uwmc jacked up for a spicy one next week
856,f it see you at the top amc fam 
941,wish is going places 
1338,bb let me down again
520,dkng donkey kong yolo 
1363,eod update still holding
1108,looks like wish is back on the menu this week
695,clne the push to and the future
647,yolo gme
1747,viac and the parable of microsoft amp ibm
691,bb yolo
887,myov a derisked fire sale with fda approved drugs and more coming through the pipeline
1640, trending stocks last week tsla clov aapl pltr spce
1433,ccl ya reets
409,clov and clne why you lag turn on your boosters
820,amc up up and away still holding
684,a deeper look into my aso
1674,amc theatres races to a postreopening record weekend with more than million us guests and the biggest us movie opening at the box office since 
945,attention gme bagholders
1642, yolo in sofi i wish sofi to the moon
1572,aso gang shares checking in
1334,a friendly reminder that uwmc russell index inclusion is on monday june 
1181,wish 
62,clf german ape sticks his banana into hot american steel 
764,not selling to the moon lfg amc
1564,kbh cramer please stop stalking me
1369,for those that missed it heres a pdf of todays bb shareholders meeting
31,no guts no glory lets go uwmc show me those bananas
1488,good set up for nndm
1635,the weekly dd wish the shopping mall in your pocket 
519,clf upgraded to by jp morgan calls steel generational opportunity
1095,half of my life savings in wish lets gooooo apes
1339,bb theres still a chance of recovery 
387, in wish get rich or die trying i will deepfuckingvalue this shit
996,why wkhs is going to be the next rocket ship to tendie town 
53, gme earnings megathread the morning after 
525,lev king of the jungle dd part  pure growth and value
426,daily option statistics for clen amc wish gme bb clov and others
1632,spce due diligence
1577,apes i need your strength clov wish to the moon
1445,tsla yolo update tsla gang feeling the brrrrr hop on the  yall
542,wish still have  do not fall for those little dips the hedges are trying to scare you
687,amzn yolo paid my down payment on a house 
262,amc call contracts with return
156,its not too late aso is far from done
307,ta for clne  why the  strapped on a 
1,my current mil portfolio powered entirely by meme power ie amc gme pltr and tsla
1340,bb will do his role on cybersecuritys demand from white house
696,clov fundamental
332, million in crsr this morning lets goooo
488,trying to explain why i went all in on clov
438,goev press release
1583,dfvs roaring kitty spreadsheets dissected and analyzed
368,dkng is the golden goose 
16,bb to the moon still right
263,amc yolo update june 
208,uwmc under walued mortgage company
1321,pltrd strength next pt support at 
189,simple note on why clf is at the perfect cross section of where the market wants to invest
1268,sports betting legalized in canada today and the bill was passed dkng to the moon
1789,ill show mine tsla
1304, into clov 
14,bb yolo  soon right 
133,everything you need to know about clne besides cow farts
1801,sofi yolo premarket action
1342,buffet once said its far better to buy a wonderful company at a fair price than a fair company at a wonderful price shit i cant read so fuck it pltr and clov yolo  my wifes bf is going to be happy
531,ttcf russell addition
375,wish million share darkpool print actually a buy million dollars
37,super clne transformation
1568,tsla is soaring is tsla back what is the reason for the movement and do you still the stock is overvalued
400,almost up today on amc calls great to be part of this thanks  
1318,pltr im in balls jeep
160,im def a retard
117,clov gt no surrender 
74,viac dormant value rocket getting ready for take off 
213,vxrt at last we rr close to a proper lift off
934, nndm yolo
1602,tlry 
323,why i love clf ceo lg and you should too
44,wkhs workhorse group 
862,gme yolo with small amc diversification
11,amc casino version apes vs kenny meme of the year
1059,all in on amc today lfg
206,uwmc added to the russell 
1663,tsla interest short
606,in with all i can afford wkhs
379,wish journey to mars
517,asts the spacex for mobile phones  yolo with real dd
1411,tesla unveils top av training supercomputer powered by nvidia gpus
1499,is the ttd split a great buying opportunity
9, loss on bb calls in two days 
312,tic tac cat a shortterm short possibility 
544,wish me luck
20,blackberry bb dd canada and facebook settlement
247,bpmc is the biopharm rocket you can still get on
837,ape defense wish
630,uwmc yolo am i doing this right have some other short options but id have to do a loss post for those
1310,clov technical analysis shift bullish
1129,tlry dd revenue and eps growth why it is extremely undervalued after selloff pt
1662,tlry
651, wish all in yolo 
854,deep dd and ta on wish gt stock price cheaper than its products
322,why strr will be a massive mover amp retail favorite
1159,amd dd why isnt anyone discussing this
1166,kbh theres no place like homo
1170,sklz dd based on a look at the competitors ta
674,prpl a dd i wrote on adderall
1214,do you think its good for me to exercise my option to buy shares fo and whats going to happen to my gain 
1777,did i bought it at the top or nah
785,the confession of a dividend addict how asts cured me my first yolo with 
526,psfe catalyst today
548,a bulls case for amc
565,could wish benefit from amazon legal troubles 
756,my second retard yolo on pltr is in place
1288,why rkt is a fintech company and deserves a fintech valuation
1133,uwmc what a stonk
1749,why im so bullish on vuzi
822,pins for the win
300,porn gain ready for next week to come wkhs
1404,spce breaks catalysts
841,bought in ah hope im not a retard amc
741,jim cramer wsb fomo gme and amc bull
835,amc to 
15,bb holding at the support ready to bounce still holding 
1120,rest of my portfolio here we go clne
382,wish waiting for that per share
394,arvl yolo holding from day of the rumor and buying more 
737,itub honest and unbiased dd
1171,sklz discussion thread moon or bust
1744,tas for prpl gang and the pltr palantards
840,blackberry qnx design wins to 
1008,wish is more than just a meme stock
1678,annaly capital mgmt nyse nly
929,where was the amc squeeze
1226,got me a first class ticket on the wish express
13,all red today but still holding bb they cant break us
705,cute dip yesterday still holding amc 
454,made a wish amp yolod into it
165,loss update to my amc yolo posted yesterday smooth brain like myself cant figure out how to comment the picture and people keep messaging mecommenting on last post
1605,thank you wsb psfe up premarket because yall are talking about it im a believer
1668,wkhs i like the stock
1401,rkt run up again
682, gld yolo
344,lets go wish cant wait for tomorrow  
1317,nrg  
1474,daily popular tickers thread for june  clf sndl bb
102,after weeks of profiting from the stock and debt of amc entertainment holdings inc hedge fund mudrick capital management ended up with a loss after a derivatives bet went haywire
351, margin yolo on asts spacemobile i wanna see if tendies taste different in space 
973,nvdia dd undervalued and why it will continue to run
1231,i have a bad case of the diamond hands holding wish and hoping for a future that includes many tendies and rocket ships 
1417,wish yolo all in
711,doubling down on crsr shares long
4,clov was a meme stock but it was undervalued before the surge
540,wish yolo got in early but aint worried a bit
73,tx dd ternium it up latin americas balls of steel
1712,i started with back in april my roku swing trade treated me right today i sold too early but a dub is a dub
10,a more serious take on why clne is an important play in the coming week
694,clne out a space for me under the bridge or take me to valhalla fuck you citadel
832,amc  in  fuel
1535,tsla gain porn in musk we trust 
335,crsr dd part or why corsair will swallow the gaming industry and be a millionaire maker stock
1553,why dont you like clne
175,no half sens
149,i just made a wish triple bottom shes ready to  hop on fellow apetards  
532,uvxy yolo for tomorrow
1544,uwmc true yolo everything i have
499,wish vs uwmc do you like money
1692,cuck in comfort calls on lzb
882, knbe cybersecurity awareness testing amp training virtually no discussion
1206,dkng yolo updateapes hold together send dkng to 
1768,all in on sofi that confident 
309,teva stock technical analysis 
575,detailed dd of corsair 
506,yolo play on crsr so i can pay the rent for my wifes boyfriends apartment perhaps i can finally sleep in my own bed
1630,lzb call options and commons
18,buy clf dd resume upward tmrw after institutional long holders pairing off against retail
765,oatlords rise why otly will take over the world
1136,wish stock ready to fly calling all apes
1752,workhorse for the workforce wkhs yolo news
1641, worth of wish calls yolo
768,pins gap fill yolo 
564,cano an undervalued stock and a way to profit off boomers
1348,clov yoloing
1810,wish yolo
896,pltr will fly soon consolidating nicely and green even on red days 
1354,comcast and viacomcbs tie up mega merger rumors viac 
17,bb to the moon   
603,itub dd buying the breakout
1281,wish to the moon
963,how to write proper dd
1467,cnk looks like a winwin
356,arvl the second transaction to reset the clock
432,fuck atampt and other boomer internet provider companies asts is the future of wireless internet 
341,corsair dd and why it is a growth company in a growth industry
1608,wish yolo  heading to the moon 
1547,wish upon a star
1545,wen and tsla to the moon or what does some charts guess
314,uwmc only problem is i cant afford more
1772,clean energy fuels stock is waking up clne
1510,my boy asked me about amc today this is how it went
877,it aint much but yolo quad witching w nvda
268,balls deep  wkhs
1420,yolo life savings wish
433,first time buyer of wish also 
391, ttcf  in minutes
989,upst and the rise of our ai overlords
604,itub dd come get you some tubs of crispy brazilian mafia  tendies
1253,pltr strong
443,i had to double down apes on my wish now holding over worth of otm contract yolo that bitch wonder if my girl will kill me or call me a hero time will tell my fellow apes 
340,clov amp wish dd regarding inflation
235,why rkt is my investment 
259,rumor keep an eye on disca t msft news started making rounds after market close that msft could be acquiring allor parts of wb interactive announced tomorrow at 
752,mvis yolo
806,wish call suggestions anyone
897,pltr allin shares yolo update
1165,docu screwed me all month down today all time
1533,tlry
1682,bidu yolo worked now time for baba yolo baba july expiry for cents range
1075,calls on clneputs on wish
42,wish personal dd fair price share target  
1235,in amazon and alibaba approached wish but the ceo seems to want more than billion
1617,all in wish
537,wish im in position
1781,fuck it im joining the train yoloing the paycheck on sofi watch this in the next few months as they introduce options trading and margin
627,this might make the second dildo on my graph on tqqq calls expiring july bus pass or lambo no in between
338,bb price staying steady and only going up from here jump on this rocket technicals are strong and i feel some break out news soon
6,wish and amazon buyout offer in 
1760,why sofi will be sofly my yolo into sofi and why this company has great potential the stock that costs short sellers to borrow and why i like the stock
283,i am on pltr options i am just gonna hold hoping it goes back to life
222,wsb lately pt 
936,amc position update still holding shares and have captured more in gains through ccs even while price dropped 
878,joining the clne crew ill take assignment and buy more
328,yolo  in cathie wood we continue to trust ark continues to be a massive buyer in sklz in the recent correction short squeeze incoming
1077,clov yolo wish me luck
1080,dkng yolo
946,bb earnings next week
491,up more than on amc calls and still holding repping canuck gang 
826,wish  all in with my fathers inheritance imma make you proud pops rip 
646,yoloed almost in pltr including all of my roth
1299,clov yolo
660,bb received recognition
1393,my wish will come true
357,arvl ta strong uptrend nice breakout great chart setup
655,amc unbiased technical analysis another great setup forming
98,amc loss porn
1565,psfe  yolo  all in on this beautiful company
1255,plug wkhs run vwdry
1487,good for amc cnk imax and rest of exhibitors weekend box office forecast is on track to write the next chapter in pandemic era record books
478,ttcf yolo next rocket
130,daily popular tickers thread for june  amc bb clov
1703,fuck into sofi
535,wish yolo is already programmed ignore the noise spread your cheeks while showering and smile its all gonna be alright
947,break out the tinfoil hats rtx nue and thc to the fucking cosmos
690,bb retarded yolo update spoiler alerti bought more
1554,wish
1295,yolo wish even more i wish my dd didnt fail me this time
218,wish is going to fly to 
1150,yolo wish wish me good luck
1770,bb sold my other meme stock and double my position on bb like a true retard 
701,chimps orangutans bonobos and gorillas gather round for i have made a wish
1413,uwmc looks like it wants to explode
1316,mx magnachip semiconductor get it in before it takes off
930,why itub still has potential and why you shouldnt sell
1517,pentagon uap report supposed to be released by friday this may be when space companies start to take off see maxr irdm spce
799,who is going all in on clne im risking the aventador money so i can also get the matching suv
1669,wkhs looking fun 
1534,tsla yolo need tsla go up more this week to make it even or get some profit
234,why i am so confident in wish as i invested of my portfolio in this company
1004,clne jacked for monday 
904,tlry week recap
508,yoloed roth ira into amc gme   
242,young ape big wish 
1637,why nio will be the next apple and the leader of evs
1236,is anyone bearish about bb
324,why you should make a wish
688,amc yolo started from an call a month ago just yolod everything into july calls wish me luck 
256,wish im soo fucked i gained last week had jul calls sold em for calls cant even make rent this month
975,ocgn yolo currently down but sold covered calls and received few thousands will hold until it go up again
972,nvda gains
790,tomorrows quad witching day might actually be the perfect storm for this uwmc gamma squeeze on the calls
193,the rkt chart you always wantedand then some
1322,plya so you wanna be a playa
1443,tsla gang tomorrow
1666,wish gama squeeze question
1451, clov yolo
3,aso your yolos dont have to be retarded
1286,why cramer never talks bb in detail 
1331, shares yolo on kbh expecting positive earnings today lfg 
1610,what happening in clov
871,i just bet against spy and the dow based on some dd am i stupid
99,aso gain so far
1175,uwmc whats the bear case
52,yolo gt clove back to the basics 
1429,aa and mt are reflationrecoveryrotational plays set to surge
1633,spce yolo huge gains
917,uwmc stock verdict
337, month ago i received a lot of hatorade for posting worth of losses i promised id post again this is for those that doubt their positions believe in your dd stick with it hold up and the fun has just started amcgme  largest holding positions are amcgmepltr
1132,to those that play with numbers prpl
264,after losing in bb calls today hopefully amc will treat me better contracts expiring between 
292,mudricks amc bet backfires after meme frenzy wrecks hedges
61,clf balls of steel
1689,coin roll   gt 
692,bb technical analysis hr chart break out daily chart complex consolidation
96,amc and gme merger 
70,nio yolo
489,uwmc dd the play even you cant fuck up
390, shares of uwmc im all in
1782,fuck the moon viac is going to pluto
308,twnk safe reliable gains with recent breakout candles
1196,clne renewable natural gas vs other options for commercial transportation the case clne is more than a wsb ticker its the future of commercial energy
407,clne to the moon ill see everything else rn and yolo to prove it but only if apes together strong
384,wish yolo in calls 
1775,daily popular tickers thread for june  uwmc nok amd
677,tlry connecticut just moved toward legalizing recreational marijuana
1149,yolo wish
1285,why amd will reach at the end of this month
1395,palantards reunite i know i have shares now but pltr options got me from to now im all in on shares again
192,ta breakout from descending triangle on amc is happening  going to the  in a  filled with 
869,i bet against resolve of amc  i am  good luck 
1625,gme building up for another squeeze 
1192,baron rothschild and the kgc gold mine
1569,ttd gave me morning wood and no it wasnt picks of aunt cathie
549,amc gme bb clne wish looking for some green now that the fed fear is over for now
1667,wish 
1007,tsla chart anyone else notice this
552,amd yolo update
1311,crsr the mother of all crsr dds 
1105,let me fly pltr  
944,are you still in clov whats your plan
1225,good feeling about amd
1370,form rkt
1402,rng from the usa weekly update renewable natural gas set for disruptive growth clne
493,vzio seller of tvs in america low float huge moon potential
1653,nndm unbiased technical analysis breaking out of two large patterns pt 
56, in clf lets go 
1778,first solar fslr basically the only american solar manufacturer will benefit from from the chinese panel ban 
894,pltr yolos are for fridays
377,wish dark pool trade print came in at probably a short seller million shares trade careful i am still bullish on the stock 
511,yolo on wish for shares from and averaged up to something lets fucking get it didnt sell at and not selling till 
574,daily option statistics for amc gme clne wish bb clov wkhs dkng itub and others
462,pltr 
1695,daily option statistics for amc wish gme wkhs clov bb pltr spce play clne and others
209,uwmc is going to rkt next week ceo on cnbc tonight float short and calls itm
371,tlry pt raised to at cowen
879,just a yr old nvda bull
137,finally were seeing some respect being put onto nio bloomberg calls nio a hybrid of apple with a fan base of tesla i dont care about nio in usa or even europe but i see it absolutely becoming insane in china with of ppl living in apartments so battery swaps are much more reasonable
1691,clarence thomas says federal pot laws may no longer be necessary
1437,ocgn short term opportunity
541,wish question is it yolo when you go in with vertical calls unfortunately only one of my balls is made of steel
1312,dnut deez nuts ipo on nasdaq ill be going balls deep guaranteed tendies 
381,wish yolo does this count
1634,spce meme
101,aso todays gain 
476,still holding my amc calls they expire this friday haters told me to sell week in and week out look at me now gains lets go 
363,clf raises guidance time in months from to ebitda still very undervalued
1562,amc at work
1435,clov price target hit now what technical analysis
395,all in gme 
408,clov
1328,wish yolo
1399,prematurely sold crwd at to buy upst at ill see you at  hollar at me
161,im saying bbye bbye to being poor all in  cost basis  with ccs
1403,retarded apes checking in buying more when wish dips lambo or homeless
85, years ago i decided to take my downpayment money and put them in stmp wife wasnt happy at first but now she doesnt complain about it anymore
833,amzn primeday calls moonday tuesday print
527,ride amp wkhs baggers buy the rumor
1406,sold my clne due to lack of results and move it to clov to help the clov causes of my fellow apes
1485,gevo moon landing
1438,psfe power up your wallet
1126,selling all my other stock to average down all in on clov
581,fomc statement for june translated for millennials amp zoomers
908,tesla built its own model police car to test the uk emergency vehicle market
480,the pltr coming is near i smell it
84, yolo in clf sky rocket in flight afternoon delight 
813,znga boring is not boring
731,i am a type diabetic and im extremely bullish on sens
163,just bought more i can remain retarded far longer than the market can stay irrational i may sell at maybe wish
396,all in wkhs 
79,wish worth of share yolo then some cc for protection lol
1815, hot girl summer amp the upcoming clothing boom  why levi is the king of denim 
670,pltr a tale of two daddys
915,update pltr gain
1232,i have a super dumb question does margin check daily or hourly even if daily for all hf ampcompanies shorted ampstocks in usa does sec have manpower to check margin manually or done with computer if computer how does a computer not enforce it
1582,dd why the recent discount in corsairs growth is unwarranted
1142,why sofi ss an absolute steal of a lifetime right now
1436,clov gains from the previous run  gt uro bought on monday sold on wednesday
1385,its not much but its all i got ev nio bull 
1151,yolod my amc profits into wish today wish me luck apes
1694,daily popular tickers thread for june  amd clf bb
386, reasons to invest in wish
505,yolo on uwmc commons and shares if it uwmc hits ill get a  tattoo stonks only go up
980,refinanced my house and put it all in wish 
1026,long time ape reader first time ape poster riding this amc train to the moon with you all i believe more shares at 
1063,atypical dd for wsb atsg for a smooth ascent
1614,viac is setting up for the mother of all breakouts  mini dd
977,quantumscape is mordena of ev battery
406,block trader takes massive position in wish
483,the only meme stock that keeps going up  amc
573,daily popular tickers thread for june  amc clne dkng
1472,docs ipo
21,clf we like our steel now 
1612,the definitive guide to buying fds
1187,id kbh breakout
1079,dd amp deep dive into clf
598,hunting bears with aso
699,canoo amp governor kevin stitt jointly announce oklahoma as the location for its us manufacturing facility will meet commitment to start production and delivery vehicles in 
1001, to on bb leaps and shares thank you apes
1811,wkhs estimated short interest at of free float and of free float is on loan
1350,clov yolo
1305, into tlry calls july 
220,wkhs see you on the moon fellow apes
1263,scraped together almost and yolod into wish yolo
7,wish holding the line boys another shares today its bound to pop 
570,dkng hindenburg down update
1664,viac gain porn 
1431,bbby technical analysis break out confirmed
148,i bought clne calls at the worst time and im low key scared what should i do
1418,wish vs amazon
1352,canoo gonna goev it to ya 
378,wish elliot wave theory analysis we are currently sitting in the golden zone with a sub wave target of and a sub wave target of 
199,the motley fool wish the best meme stock to buy in june
843,chpt
495,vizio vzio gains lfg  
67,crsr ta fantastic setup months in the making
1452, yolo wish caesar is home where are my ape brothers and sisters
1039,prpl  months of decline oversold rebound incoming or retard incoming
297,numb to it bb
940,wish it literally couldnt go tits up until it did
255,sens conservative dd for stonk and beyond
1325,spy x  fd bought at close today please show condolences to my losses
403,back to talk about tlry
859,finally completed my quantitative model for uwmc price action
5,clov  i did a reverse retard finally
1188, meme stocks to buy after they leave the spotlight clne 
791,wish fueled and seatbelt fastened massive open interest on june calls 
782,steel futures hit ath with prices all above  clf raised guidance a few days ago assuming rest of year position shares of clf
244,i am now confident that we are million apes owning the float of amc by multiple times billions of naked shorts is the only way it all adds up moass incoming prepare for take off 
816, on a pins yolo and im holding until tomorrow
1501,im drunk at am and decided to do some dd on ford f
1746,this is why psfe  is gonna pay for my college tuition and hopefully i dont need a job and i can stay as an unemployed retard 
967,mlt investment opportunity 
315,uwmc lets make it happen bought calls a bit early but its turning around
1271,tagging along when et goes home a dd about the stocks prices influences
607,inflation is not really a big deal yet the headline number ignores the fact that we were in a fucking economic crisis one year ago the fed knows this the banks know this take away stupid shit like used cars and we are even lower than this estimate
596,holding amc with all my ape brethren
1309,clov ta good things coming
1723,narrative legacy media will get less money for their ads on tv reality viac got more next year
97,amc home made porn
922,wish c 
64,clov is printing and it will go higher imo
12,amc whos with me 
550,amc poised to take over pacific movie theaters at the grove and americana
471,sndl technical analysis
389, shares of bb the best of breed
524,lesl hot chad poolboy summer a hart dd
758,nvda has saved my portfolio lfg
601,itub why a chad ceos vision will keep this water hot
1489,house committee approves marijuana protections for banking and dc
445,im getting my gf back from her boytoy than heading to the moon after more time wher lets make wishes come true
1179,wish technical analysis
1178,wish last minute chuck  got in right before blastoff 
1017,ccs the company making a shit ton of cash currently and that will make a metric shit ton of cash in the future the deeply undervalued stock thats the supreme anti inflation play
301,sens full send many catalysts
420,dkng hindenburg down
662,clf yolo send help
1497,infrastructure clf
1478,draftkings erecting a turgid empire in a bulging market dkng dd
287,im willing to get a bb tattoo if
467,plz wish
503,why you should invest in fcx if you want free money within the next month
1282,wkhs baby maybe i can get the extra guac  next week
1512,not selling until minimum wkhs yolo all in
221,wkhs yolo    
709,daily option statistics for amc clne bb wish gme wkhs clov pltr clf and others
1502,just spent minutes in line academy sports amp reasons why aso is going to blow tf up
680,wish yolo
237,wkhs yolo its happening now
1145,why nothing has changed with clne and im still bullish
800,who needs meme stock when you can make return on amzn in days
43,wish yolo palantir cofounder joe lonsdale is bullish af so im in
304,spwr  by end of august long term
926,wallstreet holdem odds reverse repo inflation interest hikes
1548,wish   to the  
735,idex has so much potential
553,ark buys the dkng dip thanks for the discount hindenburg were ready for lift off 
712,draftkings allegations are nothing new wall street analysts say dkng
111,betting honda civics that gme rockets by november calls
348,todays options statistics clne crsr amc wish clov bb gme others
1326,tlry inflation proof your portfolio
661,clf strong uptrend great setup optimal entry points
1128,still alive and back with of wish
1082,daily popular tickers thread for june  amc spy bb
824,wish holding it baby
605,itub the waking giant
942, yolo on aapl calls going to the moon when their glasses come out
472,sofi summary of article today saying cup amp handle indicating a strong break out
1319,pltr is back 
1176,wdc western digital corporation technical analysis bullish right at very strong support i actually last year purchased wd instead of wdc so dont make the same mistake
1302,wish yolo
261,abnb ready to fly lets gooo
1529,short analysis for wish clov uwmc spcegme amc
250,clf lots of room to rocket w natural gas
740,jim cramer clashes with wallstreetbets forget stocks its too hard for you
257, in uwmc the moon is near 
751,maps is now trading live
1349,clov detailed dd
1527,srne
498,wish to 
1198,clov yolo make me poor 
76,wish undervalued and not a meme stock
948,crsr an overlooked undervalued fish for short and long term
920,ultimate aso dd 
1776,daily popular tickers thread for june  wkhs amc bb
1209,daily popular tickers thread for june  amc gme bb
95,amc just got a credit upgrade being a meme stock is paying off
669,pltr yolo holding strong
516,asts longterm yolo holding until i can retire in space
430,excuse me sir this is a casino you do not f with my casino dkng
848,converging wedge pattern smart wish  let me know if im retard
512, asts a binary bet with deep space value
284,i analyzed ipos over the past two decades to determine if you should buy into an ipo here are the results
964,idex yolo currently down but still hold sold covered calls every month and received few thousands monthly still hold because i believe in this stock
652, option margin on nvda june 
397,all in on wish trying be an ape to the moon we go
1414,wkhs has been overlooked but the facts dont fit the narrative 
1157, crsr yolo turned into yolo cause schwab fucked up and didnt cancel my change orders but fuck it ill keep it valhalla or hobo street this is the way 
162,just another ape wish to go to the moon
34,official ape uwmc
285,i dont always yolo but when i do i lose money  these will print  wish
1482,figs is gonna take us to tendietown i can feel it in my plums
254,nio nio we going to the moonor at least  move coming
850,dd progressive corporation 
1665,viac can repeat nflx rally
621,now that shit has somewhat calmed down here lets try this again ammo sports orgies aso a dd
717,first time ive had a position that clears the gain post threshold in a single day thanks amzn
1566,psfe  yolo  following my fellows apes into the fight lets do it
557,amc was my first investment back in i believed in the stock and kept putting money in every check  holding peacefully and not loosing sleep over small dips 
373,ttcf this carnivore is going vegetarian for a yolo
543,wish this is the way
142,gme yolo update gains from gme swings all year gt
985,sunrun run dd seems ripe for the launch analysts yelling a buy and high short interest
1714,lets go sofi 
240,yolo  ape nation  clne
178,pltr yolo update
591,goev popped up yesterday  so whats happend
1335,after samsung rumors for google amd may have a new client
463,pltr dd calling all palantards what is pltr and why now
19,bipartisan group reaches agreement on infrastructure bill houston to clf begin fueling those steel rockets 
346,still looking for that shortinterest play ive aggregated a list of potential squeeze plays that have not squoze yet options activity included
113,bullish af and rock hard right now on uwmc
86, worth of shares in wish  along with some covered calls
1541,threw some into clne before  takes off
1720,nio is a making a good long trade
587,for the retards reading dd
803,why i am as bullish on amc as i have ever been and will tell my kids the theatre was the federal reserve
1064,baba calls jan yolo
1765,psfe lets go and pay safe
251,clne 
1072,clne going all the way with clne see you at 
802,why crsr is the most undervalued stock on wsb
216,wish industry leading growth amp margins trading at discount on evs
780,sold all my amc and bought wish
1455,amd the dd that will make you rethink why you bother reading anything on this sub
1280,wish to the moon wich us luck
446,idex going to be big ive seen a lot of talk about it recently and after doing research bought worth ill update you all friday
1428,bull with me for some wish dd
1586,daily popular tickers thread for june  uwmc gme pltr
1130,thoughts on sqqq the inverse nasdaq
733,i guess it a bad day today tomorrow hopefully will be better goev wish fsr
448,im just a working kid that wants to make money to pursue his dreams  ty apes
905,tomo my account goes pltr
1647,crsr yolo 
51,why clne is more than a hype stock and why im bullish for the next years
202,they can bend us but not break us gme amc bb clne clov holding strong 
640,wish
1034,yolod my entire account into crsr perfect entry point dont miss out if you know you know
1073,cpe oil play yolo bought in this morning at open
1620,couldnt resist friday added more clov
173,my big money plays today clf and wish to the moon
1523,rocky  apes vs hedges
1147,with basil iii and the end of mortgage loan and rental forbearances
1675,amc and gme hedge against a crash 
1329,wishthe app and the products
75,wish im not letting you gountil we both find bottom amp ride to 
1303, in wish options half a billion in volume by wednesday is no joke
151,i made earlier this week trading clov feeling like a king i quadrupled down  someone pls come get me
831,amc pltr 
1658,sens just getting started
153,i want to give back to this community i enjoy and appreciate your dds because im nothing but smooth brained im sure most know of nvax its a sure bet for next week on its best vaccine about to receive approval from fda also its being shorted making it a unique rocket ship heres why
1169,rkt part 
1556,yolo amd options
1587,daily option statistics for wish clov tsla amc wkhs gme bb clne pltr clf and others
1291,wish wish flies
1461,biden says he has infrastructure deal with senate group hrc futures hit ath my clf shares are having a steel erection
436,fuck hindenburg and their fearing mongering tactics draftkings subsidiary sbtech explained dkng
65,clov to the moon
789,time to consider nndm
1800,sofi so fly
632,viacomcbs viac the only real deep value left in this market
118,clov have no debt and cash on hand 
1448,wish in honor of yolo
730,i wish you all the best all the blessings in life are yours for the taking lambos or homeless lets get it yolo
1353,clevelandcliffs clf awarded by general motors gms supplier of the year for fourth straight year
1465,clne is poised to make another run
146,i wish these options turn green soon
1260,retard reporting for duty wish
626,tesla ultimate dd
359,asts yolo not a financial advice
103,all in wish not selling see you at shorties
182,report apple hires former goev ceo to help lead selfdriving vehicle program duz this mean canoo go moon
759,new ape yolo into wish with possibility on gamma squeeze at 
1011,amc friday closing prices
665,dkng is gonna pop once football season starts
458,nio to the moon
413,car wars episode ev a canoo hope why goev can be a tremendous play for both long and short term gains
1659,sofi yolo in options
1182,wish in and out nice market timing for a small fry like me love you my fellow retards
229,what is twnk
1183,wish me good luck 
343,lets go wish holders  
534,wfg dd we like the wood
339,clne shareholder meeting key takeaways and recap overwhelmingly positive
1585,daily popular tickers thread by mentions for june  wish clov wkhs
68,gnus update 
1229,how is wish supposed to be worth anything most of what they sell is garbage every wish merchandise review ive seen says its trash
444,i just bought a farm back home for when i get out of the military maybe i can be an insider some day and sell cow farts long on clne yolo
918,uwmc could fly today and heres how
1623,feeling fairly bullish for gme rn got shares at close
72,sava gain porn is looking yummy 
935,weedmaps is now public maps
1631,mega chad and clf ceo laurenco goncalves to be named steelmaker of the year this week
1256,prpl yolo update up today
1068,bought over call contracts today on prpl heres why
1538,the glbe on my shoulders
215,well vs clov
950,dd yolo freedom or foodstamps mega meme
482,the only ta you will ever need amc
1557,yolod half my portfolio into skyt because there is huge buying pressure and i think its an undervalued semiconductor play
1300,clne  on its way back up 
1742,sofi long term yolo too many shorts gotta tip
1504,live and die by fds
1423,yolod of my savings in clov and wish lets go
916,uwmc after the big heist the coast is clear for big profits
568,dal dd disco doubledown
773,rkt going to take the house
1168,prpl dd upon a shitted sheet i sit
1453, shares on wish good luck everyone
919,uwmc now has a catalyst to squeeze thanks to the fed
1506,market wish yolo 
1416,whats cno its your rocket to the moon legit dd yolo
937,baba dd the ai dd the next megacap to the moon
8,wkhs and why it could be a nobrainer
1347,clne   am i doing this right
1270,steel for the americas  ternium dd 
1721,nurple stimulation tomorrow bet on prpl still strong
678,utme went from high of to a low of bought in at close hoping for meteoric rise tomorrow no idea on dd
1121,robinhood just sold all my shares in dse no notice the stock continues to rise in value
1702,fuck yo couch lzb yolo
1737,sofi yolo 
1042,sklz dd an interesting stock with massive moonshot potential
1237,im a palentard pltr yolo calling all apes  future amazon microsoft or google
1670,acb
1028,sony calls
1052, clne yolo
417,congress must pass billion usps electrification proposal to jumpstart us ev leadership congressman from ohio just tweeted this the horse is in ohio
83, bet on amc im either retiring or going to the gulag no im between
1131,to the moon via uranus the mcrib is back  mcrb arkk
196,the bngo card dd for the fellowship of the saphyr and bionanians to the moon
177,pltr
1006,rkt uwmc fud
881,just getting warmed up glta
903,stick with amc but if you do diversify into another hopeful
1222,gsat yolo 
971,nvda split
188,sens yolo put all my savings before med school into sens even bought the dip for my tendies med school loans are heavy but my diamond hands are heavier with my growing medical knowledge i like the stock
1494,i still zim to the moon alone on a fast rocket ship with shipping rates in week 
30,me and uwmc are taking our wives sons and leaving this planet behind
1320,pltr added shares and option today love the todays move
732,i got my helmet strapped in with one buckle tomorrow should be fun palantard checking in also go amc got shares of that too yolo pltr weeklies bitch
1593,have been accumulating wkhs since last year and ready for payday
364,clf king of apes climbs steel beams  solid financials steel prices up demand up w infrastructure revenue growth crush the shorts
422,dkng keep it burning
1456,about lzb not a financial advice
502,when you wish upon a star twice my wifes bf may be able to buy real lululemon for her but most people need cheap chinese crap
39,the two trades that sent me to the moon and have me set for later in life wsb ive been here lurking since the shkreli days youve done me well
1559, tsla  
909,the hershey highwayhsy chocolate rain hsy movie theater play
667,jmia the amazon of africa
1661,spce did me good 
933, metals and mining dd shorting silver slurpers
1216,flgt how come apes are missing this close to cash market cap trades at  rvenue  excluding cash shorts have butchered this just based on covid testing revenue coming down
1185,wish roku update part i created a different account yesterday but they wont let me post since its less than weeks old ill post here for now had some hilarious comments yesterday
380,wish yolo all in 
71,pltr palantir we going to the moon heres why i loaded the boat today
836,another into prpl
1511,nkla to or the moon idk
1097,how ive felt since joining wsb back in january
1246,meticulously calculated wish yolo see yall at 
414,cboe to extend global trading hours for vix and spx options to nearly hours
834,am i doing this right amc
1785,i bought nvda after june am i retarded
28,mvis up look at the chart and get in before its too late smoke em if you got em
1650,lzb dd recline into tendie town
440,how to fuck the fomo demon
721,frost amp sullivan names blackberry an innovator in healthcare cybersecurity
427,dkng lets go even yolo
1065,bb yolo update i added shares for you small pickled cry babies
743,just fyi you could make on amd today not me
697,can anybody rate my portfolio am i diversified enough any tips will be appreciated
1058,all in on gsat bet for the moon
1262,srne and the navy say that a short squeeze is coming soon
1343,build a  dd why im going to be rich
1410,tsla gain porn
723,get your aso in here a long term performing winner primed for an immediate take off an actual comprehensive dd
1307,bb is not a typical mean stock its a bargain all in for blackberry putting my money where my mouth is
1337,baba dd the dd you wish you didnt ignore
248,clf yolo loving that clf stride
450,lordstown motors is the next bagger why im extremely bullish and am putting in my life savings into the ohio ev company ride a quick dd
136,finally went balls to the wall and went all in feeling rich today but might be fully retarded by tomorrow sens
1555,xpev to the moon   
303,sndl  yolo today
280,full send on sens
1037,aso performance vs predictions
659,bb flavored crayons are my favorite 
772,rkt round thanks jp
1466,clov yolo shares since yesterday
1134,wish shares yolo
124,chewy beats eps estimates by 
1055,amd already beyond the galaxy and google is coming with a punch
1480,ev car battery sector play
1609,wish  bottom head and shoulders we need to broke the neckline  then we could fly imho push push push not a financial advise
706,dd et bullish volume into the close for the last days
1359,dme stock investigations
1654,nvda boys or bust
1519,qs is being added to the russell jesus battery here we cooooommmmmeeeee
1660,sofi  yolo 
828, loss on clov shares and holding waiting for that squeeze this is why you hold shares instead of options
1098,how to analyze bb qnx backlog from million cars
602,itub  c yolo
1368,finally got my retard letter positions were a bunch of root calls that expired worthless and some gme calls that expired worthless
1053, yolo into amc
821,dkng current wall street views aggregated 
393,amc yolo update june 
352, yolo on wish call option take me to the moon
818,amc yolo update gt 
1346,clne  not a large position but of my net worth
494,vzio mooning
1613,psfe yolo on options
1629,its time for nndm to shine
425,daily popular tickers thread for june  amc clne crsr
0,life savings of into uwmc i have a crappy honda civic and want to buy a sports car
1508,more onto clf the rise is coming
464,pltr yolo 
1424,you guys are missing out on nndm
797,whats bad for amzn is good for wish
1241,looks like a potential squeeze is back on the menu  danish ape allin on clov i will see you retards in moon city
342,fine wish whatever
1440,rgr has been printing for me these last months and the fbi gives you the information you need to estimate earnings
405,blackrock inc adds bb to their ishares digital security ucits etf
657,amd used my lunch money for this not bad for a thursday just put in my week notice at work
116,clne its a load of crap 
1796,nio just getting started boys gods plan
120,clov uwmc russell inclusion and difference between  amp index
266,all eyes on jerome in the next fomc meeting 
1266,should i sell amc i want my chicken nuggets need some financial advice 
1528,schnitzer steel industries inc nasdaq schn
1628,is td broken or do i actually owe 
995,why regal cinemas will be the reason amc hits 
1220,gme is finally ready to 
890,nio invests in uxin i invest in uxin fingers crossed
673,prpl yolo  shares leaps so much upside from here
1434,clf huge brrrr signals forming strike while the iron is hot 
884,life savings wish yolo
952,did amc executives use reddit to drive up the stock to make millions
69,idex ideanomics completes acquisition of us hybrid and announces a significant multicity order for allelectric street sweepers
1441,sklz is lifting off like a rocket today with funds starting to pile in calls locked and loaded for next week
1711,i am here to stay with spce they will not scare me spce was approved by the faa
931,workhorse mentioned on cnbcs fast money along with blackberry amp macys
938,pltr probably the best meme stock setup
109,bngo yolo
1054,aapl  weeklies
734,i heard apes buy wish i buy too i know apes cant go wrong
1156, gme yolo 
1277,uwmc
402,back in clov 
1210,daily options statistics for wish clov amc gme bb clne gsat big wkhs and others
152,i think ive gone full retardo buying the dip on bb and clne this happened last week dipped on friday and soared the following monday honorable mention tx lfg 
1333, to in one day  splk splunk moonshot all aboard 
1509,my wish came true sold early yall enjoy the run up without me
1446,wen dd mortys
166,lrcx is the semiconductor play for 
1358,dkng stochastic about to meet same thing with its and ilook like a cup of handle patternwhen we test tomorrow or this friday my account finally back to the green after the hf ruined the party but thanks apes for holdin
736,idex lets go all in
814,sir diversification is key to long term success me yes that is why they call it rocket companies rkt
1730,pltr fdic fintech conference is tomorrow possible pr and awarding rpp candidates like palantir
1813,yolo sofi
1372,frost amp sullivan names blackberry ivy an industry leading edgetocloud software platform for automakers amp smart cities bb
1704,gis general mills is going to be serving up lucky charms and cinnamon toast tendies this week strong contender for a bagger 
347,the woof of wall street a shart play dd
1644, spce yolo
77,wish my money back fellow apes pick me up on monday yolo
1603,tsla bought before end of day yesterday sold today gain
302,sens  a warning
164,last change gme gap fill incoming
219,wkhs buy the rumor usps one more time usps billion 
195,the wish relative valuation and fundamentals you deserve
683, days to go lets see where pltr will take me
1743,sofi load up shares on any lockup expiry weakness says analyst
551,amc was good to me today and decided to bless me with 
1377,i wish i wasnt this much of a retard lets ride hope this prints
637,wkhs double down tripple loss where do i get my  retard certification 
132,down for the clne cause not down for the count
236,wish lock up expired may  owned by insiders who cannot sell easily
233,why clov is the best in breed stonk
728,how to capture profits and avoid pdt when using options
227,wether a casino or wether a wendys kenny g ive come for my tendies
455,mobile wallet patent awarded to bb
127,dd on cleveland cliffs a wsb favourite that is not just a meme stock
1191,another yolo play on gold mine kgc undervalued and ready to strike gold
571,dkng added more weeklies
819,amc carrying this year olds net worth best decision to hold since jan
842,buy bb they said itll moon they said 
656,amc doing my part as an ape 
2,uwmc this rocket is fueled and ready 
853,daily option statistics for clne amc bb wish gme clob wkhs pltr nvda and others
1361,daily popular tickers thread for june  wish gme wkhs
57,amc clf mnmd yolo update im not fing selling
510,you said it shoot it all upst yolo update
404,bezos cow farts and you how amzns deal w clne is the most confusing in at least seconds unwinding it so people will stop being so ignorant about it
566,crsr loss
1707,historical predelivery tsla changes
1532,so lets do it like they do on the discovery channel disca
1432,bcrx update on wifes roth started last fall with  investing in bcrx gain porn
66,crsr dd or why you should park all your cash in this crazy undervalued tech company
78,wkhs yolo i see good days ahead
270,clne inked contracts   
174,my mommy always says your wish will come true so ive behaved well and has bought  worth of wish because mommies are always right
365,clf this thing goes higher
1221,gme yolo tryna get it while the gettins good
1421,yolo wish call options 
258, cause it makes sens
757,nio gain  not selling until expiry
560,bb retard forever loading
1115,my technical analysis of wish
370,nio is worth looking in to 
490,uwmc yolo update got paid it all got added to my position
1681,bb will fly again 
1718,mememania wkhs bb clov ta dd
1189,after clov moon 
1475,daily option statistics for clov wish amc wkhs gme bb tsla clne pltr gsat and others
1470,cautious expectations on tsla for next week
354,amc yolo 
150,i made a wish and then dropped into it at lunch today
1804,the fintech disrupter that everyone is talking about today none other than social finance inc aka sofi
817, yolo on wkhs
32,not selling price aint right tlry price target just like 
1090,gsat price target initiated at b riley
205,uwm says itll beat rocket as americas largest mortgage lender by 
1056,aso all in made on this then lost is on last weeks drop this is my futurewill update tonight
788,this is the way amc
1464,clne stock  price predictions how to buy the dip for investors
672,prpl what can i say i like to sleep
1581,contextlogic wish stock is still cheap and has over upside
675,sava update
625,shills or no wish is a solid bet
1805,those of us tards who missed out on amc
1074,crsr a growth play disguised as a value play disguised as a meme stock disguised as a giant crustacean from the paleolithic era short form dd
1680,bb bois when their stock hit today
530,rkt yolo  refinancemortgages are back on the rise year yield moving lower rkt homes going to crush zillow rkt autos revenue growing triple digits we just need jdog powell to sign off this afternoon and we are moon bound 
1618,bullish news for tsla panasonic sold tsla in march 
497,wish i had more money yo buy that dip
1389,lets go boys ride the horse to the moon  with one of the highest short interest in wkhs the official data will be released tomorrow this is the last chance to buy at this price
645,yolo on the horse thats laying the golden egg wkhs  
953,drunk mans dd of spce
617,my final wish yolo
1254,pltr or hnst which one ends the week higher
496,wish jacked to the tits with shares
49,whats going on with rkt its time to enter a position rocket auto and rocket homes is legit
333, in amc  
1387,keep the f a i t h long gld gc target month out
1099,ideanomics pr
1748,viac going to make or break me by eow
267,alright madlads trading days left for the clne moags time to look at the scoreboard and see what the second half holds
321,why sens makes sense sentimentally
1645,amd yolo call options expire july update
1092,giving bears prpl nurples
1106,lets make my humiliation public yolo gsat get ready for  or 
1591,go psfe yolo
1798,pltr maybe not a bag of dicks
429,draftkings a billion spac betting it can hide its black market operations
123,cant help myself grabbed some more my hands are made of unobtanium wish
1546,wish  options ramp
367,dkng draft kings are for the apes  im long the stock lesgoooo
1205,ddd printing perfect breasts appropriate ticker symbol lol shares rise after codevelopment deal
554,all in on arvl lets goo
1190,amc daily analysis from the ashik show
1552,where this all began actual footage of a tulip farmer returning for the squeeze of the millennia amc 
1409,tlry breakout may be coming im jacked to the tits
845,clne ceo speaks and tweets clne ready for launch
724,googles cloud taps amd for new service
1199,clov yolo weeklies lets goooo 
1449,wish me luck
787,there are two ways to build the biggest building in town one is by actually building the biggest building in town actually building the biggest building historically wins in the end which is why im betting on rkt
1162,clov buy hold and crame
36,sens gain porn yolo 
561,blimps milfs amp dkng
80, loss from gme amc bb options
1259,reconafrica dd  early stages of what is setting up to be the largest oil discovery in decades
91,a quick psa
1193,blackberry ivy advisory council launch partners include here technologies cerence telus geico and aws
1729,pltr yolo update  we green baby  eow
1426,your thoughts on the future of uwmc
1731,prpl offcycle investor event tomorrow 
1764,amc yolo this is money i can afford to lose 
522,gogo dd i researched stocks using the smell system and decided to become a gogo dancer
748,lion electric deal with amazon and why its the biggest sleeper ev stock out there
708,daily popular tickers thread for june  amc clne bb
563,california natural gas vehicles partnership california is running out of time to achieve clean air clne into the big picture
1045,wish vs clov why i chose wish
